<?xml version="1.0" encoding="UTF-8"?>
<beans xmlns="http://www.springframework.org/schema/beans"
	xmlns:xsi="http://www.w3.org/2001/XMLSchema-instance" xmlns:context="http://www.springframework.org/schema/context"
	xmlns:p="http://www.springframework.org/schema/p" xmlns:tx="http://www.springframework.org/schema/tx"
	xsi:schemaLocation="http://www.springframework.org/schema/beans http://www.springframework.org/schema/beans/spring-beans.xsd
		http://www.springframework.org/schema/context http://www.springframework.org/schema/context/spring-context.xsd
		http://www.springframework.org/schema/tx http://www.springframework.org/schema/tx/spring-tx.xsd">

	<!-- holding properties for database connectivity / -->
	<context:property-placeholder location="classpath:jdbc.properties" />

	<!-- enabling annotation driven configuration / -->
	<context:annotation-config />

	<bean id="dataSource" class="org.springframework.jdbc.datasource.DriverManagerDataSource">
        <property name="driverClassName" value="org.postgresql.Driver"/>
        <property name="url" value="jdbc:postgresql://localhost:8888/web-avanzada"/>
        <property name="username" value="postgres"/>
        <property name="password" value="admin"/>
    </bean>
    
    <bean id="sessionFactory"
		class="org.springframework.orm.hibernate4.LocalSessionFactoryBean">
		<property name="dataSource" ref="dataSource" />

		<property name="packagesToScan">
			<list>
				<value>com.ucp.arquitectura.domain</value>
				
			</list>
		</property>
		<property name="hibernateProperties">
			<props>
				<prop key="hibernate.hbm2ddl.auto">update</prop>
				<prop key="hibernate.dialect">${hibernate.dialect}</prop>
				<prop key="hibernate.show_sql">false</prop>
			</props>
		</property>
	</bean>

	<bean id="jpaAdapter"
		class="org.springframework.orm.jpa.vendor.HibernateJpaVendorAdapter"
		p:database="${jpa.database}" p:showSql="${jpa.showSql}" />

	<bean id="entityManagerFactory"
		class="org.springframework.orm.jpa.LocalContainerEntityManagerFactoryBean"
		p:dataSource-ref="dataSource" p:jpaVendorAdapter-ref="jpaAdapter">
		<property name="loadTimeWeaver">
			<bean
				class="org.springframework.instrument.classloading.InstrumentationLoadTimeWeaver" />
		</property>
		<property name="persistenceUnitName" value="springappPU"></property>
	</bean>
	
	<bean id="transactionManager" class="org.springframework.orm.jpa.JpaTransactionManager"
		p:entityManagerFactory-ref="entityManagerFactory" />

	<tx:annotation-driven transaction-manager="transactionManager" />
	

	<!-- Scans the classpath of this application for @Components to deploy as 
		beans -->
	<context:component-scan base-package="repository" />
	<context:component-scan base-package="service" />
</beans>

